<?xml version="1.0" encoding="UTF-8" standalone="yes"?>
<Content>
    <Views>
        <ViewDef id="c9f0dcd8-d9c6-43e0-878b-70ab814c4aa7">
            <Title>PowerFlex Cluster Info</Title>
            <Description>MDM cluster info</Description>
            <SubjectType adapterKind="PowerFlexAdapter" resourceKind="MdmCluster" type="descendant"/>
            <SubjectType adapterKind="PowerFlexAdapter" resourceKind="MdmCluster" type="self"/>
            <SubjectType adapterKind="PowerFlexAdapter" resourceKind="Mdm" type="descendant"/>
            <SubjectType adapterKind="PowerFlexAdapter" resourceKind="Mdm" type="self"/>
            <SubjectsGroupBy adapterKind="PowerFlexAdapter" resourceKind="PowerFlexRack"/>
            <Usage>dashboard</Usage>
            <Usage>report</Usage>
            <Usage>details</Usage>
            <Usage>content</Usage>
            <Controls>
                <Control id="time-interval-selector_id_84" type="time-interval-selector" visible="false">
                    <Property name="advancedTimeMode" value="false"/>
                    <Property name="unit" value="DAYS"/>
                    <Property name="count" value="7"/>
                </Control>
                <Control id="attributes-selector_id_85" type="attributes-selector" visible="false">
                    <Property name="attributeInfos">
                        <List>
                            <Item>
<Value>
    <Property name="objectType" value="RESOURCE"/>
    <Property name="attributeKey" value="health|clusterState"/>
    <Property name="isStringAttribute" value="true"/>
    <Property name="adapterKind" value="PowerFlexAdapter"/>
    <Property name="resourceKind" value="MdmCluster"/>
    <Property name="rollUpCount" value="0"/>
    <Property name="transformations">
        <List>
            <Item value="CURRENT"/>
        </List>
    </Property>
    <Property name="isProperty" value="false"/>
    <Property name="addTimestampAsColumn" value="false"/>
    <Property name="isShowRelativeTimestamp" value="false"/>
</Value>
                            </Item>
                            <Item>
<Value>
    <Property name="objectType" value="RESOURCE"/>
    <Property name="attributeKey" value="details|clusterMode"/>
    <Property name="isStringAttribute" value="true"/>
    <Property name="adapterKind" value="PowerFlexAdapter"/>
    <Property name="resourceKind" value="MdmCluster"/>
    <Property name="rollUpCount" value="0"/>
    <Property name="transformations">
        <List>
            <Item value="CURRENT"/>
        </List>
    </Property>
    <Property name="isProperty" value="true"/>
    <Property name="addTimestampAsColumn" value="false"/>
    <Property name="isShowRelativeTimestamp" value="false"/>
</Value>
                            </Item>
                            <Item>
<Value>
    <Property name="objectType" value="RESOURCE"/>
    <Property name="attributeKey" value="details|virtualIps"/>
    <Property name="isStringAttribute" value="true"/>
    <Property name="adapterKind" value="PowerFlexAdapter"/>
    <Property name="resourceKind" value="MdmCluster"/>
    <Property name="rollUpCount" value="0"/>
    <Property name="transformations">
        <List>
            <Item value="CURRENT"/>
        </List>
    </Property>
    <Property name="isProperty" value="true"/>
    <Property name="addTimestampAsColumn" value="false"/>
    <Property name="isShowRelativeTimestamp" value="false"/>
</Value>
                            </Item>
                            <Item>
<Value>
    <Property name="objectType" value="RESOURCE"/>
    <Property name="attributeKey" value="details|mdmType"/>
    <Property name="isStringAttribute" value="true"/>
    <Property name="adapterKind" value="PowerFlexAdapter"/>
    <Property name="resourceKind" value="Mdm"/>
    <Property name="rollUpCount" value="0"/>
    <Property name="transformations">
        <List>
            <Item value="CURRENT"/>
        </List>
    </Property>
    <Property name="isProperty" value="true"/>
    <Property name="addTimestampAsColumn" value="false"/>
    <Property name="isShowRelativeTimestamp" value="false"/>
</Value>
                            </Item>
                            <Item>
<Value>
    <Property name="objectType" value="RESOURCE"/>
    <Property name="attributeKey" value="details|role"/>
    <Property name="isStringAttribute" value="true"/>
    <Property name="adapterKind" value="PowerFlexAdapter"/>
    <Property name="resourceKind" value="Mdm"/>
    <Property name="rollUpCount" value="0"/>
    <Property name="transformations">
        <List>
            <Item value="CURRENT"/>
        </List>
    </Property>
    <Property name="isProperty" value="true"/>
    <Property name="addTimestampAsColumn" value="false"/>
    <Property name="isShowRelativeTimestamp" value="false"/>
</Value>
                            </Item>
                            <Item>
<Value>
    <Property name="objectType" value="RESOURCE"/>
    <Property name="attributeKey" value="health|status"/>
    <Property name="isStringAttribute" value="true"/>
    <Property name="adapterKind" value="PowerFlexAdapter"/>
    <Property name="resourceKind" value="Mdm"/>
    <Property name="rollUpCount" value="0"/>
    <Property name="transformations">
        <List>
            <Item value="CURRENT"/>
        </List>
    </Property>
    <Property name="isProperty" value="false"/>
    <Property name="addTimestampAsColumn" value="false"/>
    <Property name="isShowRelativeTimestamp" value="false"/>
</Value>
                            </Item>
                            <Item>
<Value>
    <Property name="objectType" value="RESOURCE"/>
    <Property name="attributeKey" value="details|versionInfo"/>
    <Property name="isStringAttribute" value="true"/>
    <Property name="adapterKind" value="PowerFlexAdapter"/>
    <Property name="resourceKind" value="Mdm"/>
    <Property name="rollUpCount" value="0"/>
    <Property name="transformations">
        <List>
            <Item value="CURRENT"/>
        </List>
    </Property>
    <Property name="isProperty" value="true"/>
    <Property name="addTimestampAsColumn" value="false"/>
    <Property name="isShowRelativeTimestamp" value="false"/>
</Value>
                            </Item>
                        </List>
                    </Property>
                </Control>
                <Control id="pagination-control_id_86" type="pagination-control" visible="true">
                    <Property name="start" value="0"/>
                    <Property name="size" value="50"/>
                </Control>
                <Control id="metadata_id_87" type="metadata" visible="false">
                    <Property name="maxPointsCount" value="5000"/>
                    <Property name="hideObjectNameColumn" value="false"/>
                    <Property name="listTopResultSize" value="-1"/>
                </Control>
            </Controls>
            <DataProviders>
                <DataProvider dataType="list-view" id="list-view_id_83"/>
            </DataProviders>
            <Presentation type="list"/>
        </ViewDef>
        <ViewDef id="e7413c9c-8633-42c5-99d3-73101b515be3">
            <Title>PowerFlex RCG Info</Title>
            <Description/>
            <SubjectType adapterKind="PowerFlexAdapter" resourceKind="RCG" type="descendant"/>
            <SubjectType adapterKind="PowerFlexAdapter" resourceKind="RCG" type="self"/>
            <SubjectsGroupBy adapterKind="PowerFlexAdapter" resourceKind="PowerFlexRack"/>
            <Usage>dashboard</Usage>
            <Usage>report</Usage>
            <Usage>details</Usage>
            <Usage>content</Usage>
            <Controls>
                <Control id="time-interval-selector_id_161" type="time-interval-selector" visible="false">
                    <Property name="advancedTimeMode" value="false"/>
                    <Property name="unit" value="DAYS"/>
                    <Property name="count" value="7"/>
                </Control>
                <Control id="attributes-selector_id_162" type="attributes-selector" visible="false">
                    <Property name="attributeInfos">
                        <List>
                            <Item>
<Value>
    <Property name="objectType" value="RESOURCE"/>
    <Property name="attributeKey" value="Summary|abstractState"/>
    <Property name="isStringAttribute" value="true"/>
    <Property name="adapterKind" value="PowerFlexAdapter"/>
    <Property name="resourceKind" value="RCG"/>
    <Property name="rollUpCount" value="0"/>
    <Property name="transformations">
        <List>
            <Item value="CURRENT"/>
        </List>
    </Property>
    <Property name="isProperty" value="false"/>
    <Property name="addTimestampAsColumn" value="false"/>
    <Property name="isShowRelativeTimestamp" value="false"/>
</Value>
                            </Item>
                            <Item>
<Value>
    <Property name="objectType" value="RESOURCE"/>
    <Property name="attributeKey" value="Summary|currConsistMode"/>
    <Property name="isStringAttribute" value="true"/>
    <Property name="adapterKind" value="PowerFlexAdapter"/>
    <Property name="resourceKind" value="RCG"/>
    <Property name="rollUpCount" value="0"/>
    <Property name="transformations">
        <List>
            <Item value="CURRENT"/>
        </List>
    </Property>
    <Property name="isProperty" value="false"/>
    <Property name="addTimestampAsColumn" value="false"/>
    <Property name="isShowRelativeTimestamp" value="false"/>
</Value>
                            </Item>
                            <Item>
<Value>
    <Property name="objectType" value="RESOURCE"/>
    <Property name="attributeKey" value="Summary|failoverState"/>
    <Property name="isStringAttribute" value="true"/>
    <Property name="adapterKind" value="PowerFlexAdapter"/>
    <Property name="resourceKind" value="RCG"/>
    <Property name="rollUpCount" value="0"/>
    <Property name="transformations">
        <List>
            <Item value="CURRENT"/>
        </List>
    </Property>
    <Property name="isProperty" value="false"/>
    <Property name="addTimestampAsColumn" value="false"/>
    <Property name="isShowRelativeTimestamp" value="false"/>
</Value>
                            </Item>
                            <Item>
<Value>
    <Property name="objectType" value="RESOURCE"/>
    <Property name="attributeKey" value="Summary|freezeState"/>
    <Property name="isStringAttribute" value="true"/>
    <Property name="adapterKind" value="PowerFlexAdapter"/>
    <Property name="resourceKind" value="RCG"/>
    <Property name="rollUpCount" value="0"/>
    <Property name="transformations">
        <List>
            <Item value="CURRENT"/>
        </List>
    </Property>
    <Property name="isProperty" value="false"/>
    <Property name="addTimestampAsColumn" value="false"/>
    <Property name="isShowRelativeTimestamp" value="false"/>
</Value>
                            </Item>
                            <Item>
<Value>
    <Property name="objectType" value="RESOURCE"/>
    <Property name="attributeKey" value="Summary|rplCgRpoCompliance"/>
    <Property name="isStringAttribute" value="false"/>
    <Property name="adapterKind" value="PowerFlexAdapter"/>
    <Property name="resourceKind" value="RCG"/>
    <Property name="rollUpType" value="NONE"/>
    <Property name="rollUpCount" value="0"/>
    <Property name="transformations">
        <List>
            <Item value="CURRENT"/>
        </List>
    </Property>
    <Property name="isProperty" value="false"/>
    <Property name="addTimestampAsColumn" value="false"/>
    <Property name="isShowRelativeTimestamp" value="false"/>
</Value>
                            </Item>
                            <Item>
<Value>
    <Property name="objectType" value="RESOURCE"/>
    <Property name="attributeKey" value="Summary|rpoInSeconds"/>
    <Property name="isStringAttribute" value="false"/>
    <Property name="adapterKind" value="PowerFlexAdapter"/>
    <Property name="resourceKind" value="RCG"/>
    <Property name="rollUpType" value="NONE"/>
    <Property name="rollUpCount" value="0"/>
    <Property name="transformations">
        <List>
            <Item value="CURRENT"/>
        </List>
    </Property>
    <Property name="isProperty" value="false"/>
    <Property name="addTimestampAsColumn" value="false"/>
    <Property name="isShowRelativeTimestamp" value="false"/>
</Value>
                            </Item>
                        </List>
                    </Property>
                </Control>
                <Control id="pagination-control_id_163" type="pagination-control" visible="true">
                    <Property name="start" value="0"/>
                    <Property name="size" value="50"/>
                </Control>
                <Control id="metadata_id_164" type="metadata" visible="false">
                    <Property name="maxPointsCount" value="5000"/>
                    <Property name="hideObjectNameColumn" value="false"/>
                    <Property name="listTopResultSize" value="-1"/>
                </Control>
            </Controls>
            <DataProviders>
                <DataProvider dataType="list-view" id="list-view_id_160"/>
            </DataProviders>
            <Presentation type="list"/>
        </ViewDef>
        <ViewDef id="b0e67b91-2694-4b4a-8e4b-0f92c89c598e">
            <Title>PowerFlex SDS Info</Title>
            <Description/>
            <SubjectType adapterKind="PowerFlexAdapter" resourceKind="SDS" type="descendant"/>
            <SubjectType adapterKind="PowerFlexAdapter" resourceKind="SDS" type="self"/>
            <SubjectsGroupBy adapterKind="PowerFlexAdapter" resourceKind="PowerFlexRack"/>
            <Usage>dashboard</Usage>
            <Usage>report</Usage>
            <Usage>details</Usage>
            <Usage>content</Usage>
            <Controls>
                <Control id="time-interval-selector_id_112" type="time-interval-selector" visible="false">
                    <Property name="advancedTimeMode" value="false"/>
                    <Property name="unit" value="DAYS"/>
                    <Property name="count" value="7"/>
                </Control>
                <Control id="attributes-selector_id_113" type="attributes-selector" visible="false">
                    <Property name="attributeInfos">
                        <List>
                            <Item>
<Value>
    <Property name="objectType" value="RESOURCE"/>
    <Property name="attributeKey" value="details|perfProfile"/>
    <Property name="isStringAttribute" value="true"/>
    <Property name="adapterKind" value="PowerFlexAdapter"/>
    <Property name="resourceKind" value="SDS"/>
    <Property name="rollUpCount" value="0"/>
    <Property name="transformations">
        <List>
            <Item value="CURRENT"/>
        </List>
    </Property>
    <Property name="isProperty" value="true"/>
    <Property name="addTimestampAsColumn" value="false"/>
    <Property name="isShowRelativeTimestamp" value="false"/>
</Value>
                            </Item>
                            <Item>
<Value>
    <Property name="objectType" value="RESOURCE"/>
    <Property name="attributeKey" value="health|maintenanceState"/>
    <Property name="isStringAttribute" value="true"/>
    <Property name="adapterKind" value="PowerFlexAdapter"/>
    <Property name="resourceKind" value="SDS"/>
    <Property name="rollUpCount" value="0"/>
    <Property name="transformations">
        <List>
            <Item value="CURRENT"/>
        </List>
    </Property>
    <Property name="isProperty" value="false"/>
    <Property name="addTimestampAsColumn" value="false"/>
    <Property name="isShowRelativeTimestamp" value="false"/>
</Value>
                            </Item>
                            <Item>
<Value>
    <Property name="objectType" value="RESOURCE"/>
    <Property name="attributeKey" value="health|mdmConnectionState"/>
    <Property name="isStringAttribute" value="true"/>
    <Property name="adapterKind" value="PowerFlexAdapter"/>
    <Property name="resourceKind" value="SDS"/>
    <Property name="rollUpCount" value="0"/>
    <Property name="transformations">
        <List>
            <Item value="CURRENT"/>
        </List>
    </Property>
    <Property name="isProperty" value="false"/>
    <Property name="addTimestampAsColumn" value="false"/>
    <Property name="isShowRelativeTimestamp" value="false"/>
</Value>
                            </Item>
                            <Item>
<Value>
    <Property name="objectType" value="RESOURCE"/>
    <Property name="attributeKey" value="health|membershipState"/>
    <Property name="isStringAttribute" value="true"/>
    <Property name="adapterKind" value="PowerFlexAdapter"/>
    <Property name="resourceKind" value="SDS"/>
    <Property name="rollUpCount" value="0"/>
    <Property name="transformations">
        <List>
            <Item value="CURRENT"/>
        </List>
    </Property>
    <Property name="isProperty" value="false"/>
    <Property name="addTimestampAsColumn" value="false"/>
    <Property name="isShowRelativeTimestamp" value="false"/>
</Value>
                            </Item>
                            <Item>
<Value>
    <Property name="objectType" value="RESOURCE"/>
    <Property name="attributeKey" value="health|sdsState"/>
    <Property name="isStringAttribute" value="true"/>
    <Property name="adapterKind" value="PowerFlexAdapter"/>
    <Property name="resourceKind" value="SDS"/>
    <Property name="rollUpCount" value="0"/>
    <Property name="transformations">
        <List>
            <Item value="CURRENT"/>
        </List>
    </Property>
    <Property name="isProperty" value="false"/>
    <Property name="addTimestampAsColumn" value="false"/>
    <Property name="isShowRelativeTimestamp" value="false"/>
</Value>
                            </Item>
                            <Item>
<Value>
    <Property name="objectType" value="RESOURCE"/>
    <Property name="attributeKey" value="capacity|maxCapacity"/>
    <Property name="preferredUnitId" value="auto"/>
    <Property name="isStringAttribute" value="false"/>
    <Property name="adapterKind" value="PowerFlexAdapter"/>
    <Property name="resourceKind" value="SDS"/>
    <Property name="rollUpType" value="NONE"/>
    <Property name="rollUpCount" value="0"/>
    <Property name="transformations">
        <List>
            <Item value="CURRENT"/>
        </List>
    </Property>
    <Property name="isProperty" value="false"/>
    <Property name="addTimestampAsColumn" value="false"/>
    <Property name="isShowRelativeTimestamp" value="false"/>
</Value>
                            </Item>
                            <Item>
<Value>
    <Property name="objectType" value="RESOURCE"/>
    <Property name="attributeKey" value="capacity|capacityInUse"/>
    <Property name="preferredUnitId" value="auto"/>
    <Property name="isStringAttribute" value="false"/>
    <Property name="adapterKind" value="PowerFlexAdapter"/>
    <Property name="resourceKind" value="SDS"/>
    <Property name="rollUpType" value="NONE"/>
    <Property name="rollUpCount" value="0"/>
    <Property name="transformations">
        <List>
            <Item value="CURRENT"/>
        </List>
    </Property>
    <Property name="isProperty" value="false"/>
    <Property name="addTimestampAsColumn" value="false"/>
    <Property name="isShowRelativeTimestamp" value="false"/>
</Value>
                            </Item>
                        </List>
                    </Property>
                </Control>
                <Control id="pagination-control_id_114" type="pagination-control" visible="true">
                    <Property name="start" value="0"/>
                    <Property name="size" value="50"/>
                </Control>
                <Control id="metadata_id_115" type="metadata" visible="false">
                    <Property name="maxPointsCount" value="5000"/>
                    <Property name="hideObjectNameColumn" value="false"/>
                    <Property name="listTopResultSize" value="-1"/>
                </Control>
            </Controls>
            <DataProviders>
                <DataProvider dataType="list-view" id="list-view_id_111"/>
            </DataProviders>
            <Presentation type="list"/>
        </ViewDef>
        <ViewDef id="fd56ee65-b72e-4e03-921c-d310bc99c43c">
            <Title>PowerFlex Volume Info</Title>
            <Description/>
            <SubjectType adapterKind="PowerFlexAdapter" resourceKind="Volume" type="descendant"/>
            <SubjectType adapterKind="PowerFlexAdapter" resourceKind="Volume" type="self"/>
            <SubjectsGroupBy adapterKind="PowerFlexAdapter" resourceKind="PowerFlexRack"/>
            <Usage>dashboard</Usage>
            <Usage>report</Usage>
            <Usage>details</Usage>
            <Usage>content</Usage>
            <Controls>
                <Control id="time-interval-selector_id_137" type="time-interval-selector" visible="false">
                    <Property name="advancedTimeMode" value="false"/>
                    <Property name="unit" value="DAYS"/>
                    <Property name="count" value="7"/>
                </Control>
                <Control id="attributes-selector_id_138" type="attributes-selector" visible="false">
                    <Property name="attributeInfos">
                        <List>
                            <Item>
<Value>
    <Property name="objectType" value="RESOURCE"/>
    <Property name="attributeKey" value="summary|volumeType"/>
    <Property name="isStringAttribute" value="true"/>
    <Property name="adapterKind" value="PowerFlexAdapter"/>
    <Property name="resourceKind" value="Volume"/>
    <Property name="rollUpCount" value="0"/>
    <Property name="transformations">
        <List>
            <Item value="CURRENT"/>
        </List>
    </Property>
    <Property name="isProperty" value="false"/>
    <Property name="addTimestampAsColumn" value="false"/>
    <Property name="isShowRelativeTimestamp" value="false"/>
</Value>
                            </Item>
                            <Item>
<Value>
    <Property name="objectType" value="RESOURCE"/>
    <Property name="attributeKey" value="summary|managedBy"/>
    <Property name="isStringAttribute" value="true"/>
    <Property name="adapterKind" value="PowerFlexAdapter"/>
    <Property name="resourceKind" value="Volume"/>
    <Property name="rollUpCount" value="0"/>
    <Property name="transformations">
        <List>
            <Item value="CURRENT"/>
        </List>
    </Property>
    <Property name="isProperty" value="false"/>
    <Property name="addTimestampAsColumn" value="false"/>
    <Property name="isShowRelativeTimestamp" value="false"/>
</Value>
                            </Item>
                            <Item>
<Value>
    <Property name="objectType" value="RESOURCE"/>
    <Property name="attributeKey" value="summary|storagePoolId"/>
    <Property name="isStringAttribute" value="true"/>
    <Property name="adapterKind" value="PowerFlexAdapter"/>
    <Property name="resourceKind" value="Volume"/>
    <Property name="rollUpCount" value="0"/>
    <Property name="transformations">
        <List>
            <Item value="CURRENT"/>
        </List>
    </Property>
    <Property name="isProperty" value="false"/>
    <Property name="addTimestampAsColumn" value="false"/>
    <Property name="isShowRelativeTimestamp" value="false"/>
</Value>
                            </Item>
                            <Item>
<Value>
    <Property name="objectType" value="RESOURCE"/>
    <Property name="attributeKey" value="capacity|totalCapacity"/>
    <Property name="preferredUnitId" value="auto"/>
    <Property name="isStringAttribute" value="false"/>
    <Property name="adapterKind" value="PowerFlexAdapter"/>
    <Property name="resourceKind" value="Volume"/>
    <Property name="rollUpType" value="NONE"/>
    <Property name="rollUpCount" value="0"/>
    <Property name="transformations">
        <List>
            <Item value="CURRENT"/>
        </List>
    </Property>
    <Property name="isProperty" value="false"/>
    <Property name="addTimestampAsColumn" value="false"/>
    <Property name="isShowRelativeTimestamp" value="false"/>
</Value>
                            </Item>
                            <Item>
<Value>
    <Property name="objectType" value="RESOURCE"/>
    <Property name="attributeKey" value="summary|noOfMappedSDC"/>
    <Property name="isStringAttribute" value="false"/>
    <Property name="adapterKind" value="PowerFlexAdapter"/>
    <Property name="resourceKind" value="Volume"/>
    <Property name="rollUpType" value="NONE"/>
    <Property name="rollUpCount" value="0"/>
    <Property name="transformations">
        <List>
            <Item value="CURRENT"/>
        </List>
    </Property>
    <Property name="isProperty" value="false"/>
    <Property name="addTimestampAsColumn" value="false"/>
    <Property name="isShowRelativeTimestamp" value="false"/>
</Value>
                            </Item>
                            <Item>
<Value>
    <Property name="objectType" value="RESOURCE"/>
    <Property name="attributeKey" value="summary|creationTime"/>
    <Property name="isStringAttribute" value="true"/>
    <Property name="adapterKind" value="PowerFlexAdapter"/>
    <Property name="resourceKind" value="Volume"/>
    <Property name="rollUpCount" value="0"/>
    <Property name="transformations">
        <List>
            <Item value="CURRENT"/>
        </List>
    </Property>
    <Property name="isProperty" value="true"/>
    <Property name="addTimestampAsColumn" value="false"/>
    <Property name="isShowRelativeTimestamp" value="false"/>
</Value>
                            </Item>
                        </List>
                    </Property>
                </Control>
                <Control id="pagination-control_id_139" type="pagination-control" visible="true">
                    <Property name="start" value="0"/>
                    <Property name="size" value="50"/>
                </Control>
                <Control id="metadata_id_140" type="metadata" visible="false">
                    <Property name="maxPointsCount" value="5000"/>
                    <Property name="hideObjectNameColumn" value="false"/>
                    <Property name="listTopResultSize" value="-1"/>
                </Control>
            </Controls>
            <DataProviders>
                <DataProvider dataType="list-view" id="list-view_id_136"/>
            </DataProviders>
            <Presentation type="list"/>
        </ViewDef>
        <ViewDef id="150cbd26-1a41-4c1a-b259-a774bc90ddf4">
            <Title>PowerFlex Protection Domain Info</Title>
            <Description/>
            <SubjectType adapterKind="PowerFlexAdapter" resourceKind="ProtectionDomain" type="descendant"/>
            <SubjectType adapterKind="PowerFlexAdapter" resourceKind="ProtectionDomain" type="self"/>
            <SubjectsGroupBy adapterKind="PowerFlexAdapter" resourceKind="PowerFlexRack"/>
            <Usage>dashboard</Usage>
            <Usage>report</Usage>
            <Usage>details</Usage>
            <Usage>content</Usage>
            <Controls>
                <Control id="time-interval-selector_id_78" type="time-interval-selector" visible="false">
                    <Property name="advancedTimeMode" value="false"/>
                    <Property name="unit" value="DAYS"/>
                    <Property name="count" value="7"/>
                </Control>
                <Control id="attributes-selector_id_79" type="attributes-selector" visible="false">
                    <Property name="attributeInfos">
                        <List>
                            <Item>
<Value>
    <Property name="objectType" value="RESOURCE"/>
    <Property name="attributeKey" value="capacity|totalCapacity"/>
    <Property name="preferredUnitId" value="auto"/>
    <Property name="isStringAttribute" value="false"/>
    <Property name="adapterKind" value="PowerFlexAdapter"/>
    <Property name="resourceKind" value="ProtectionDomain"/>
    <Property name="rollUpType" value="NONE"/>
    <Property name="rollUpCount" value="0"/>
    <Property name="transformations">
        <List>
            <Item value="CURRENT"/>
        </List>
    </Property>
    <Property name="isProperty" value="false"/>
    <Property name="addTimestampAsColumn" value="false"/>
    <Property name="isShowRelativeTimestamp" value="false"/>
</Value>
                            </Item>
                            <Item>
<Value>
    <Property name="objectType" value="RESOURCE"/>
    <Property name="attributeKey" value="capacity|inUseCapcityInGB"/>
    <Property name="preferredUnitId" value="auto"/>
    <Property name="isStringAttribute" value="false"/>
    <Property name="adapterKind" value="PowerFlexAdapter"/>
    <Property name="resourceKind" value="ProtectionDomain"/>
    <Property name="rollUpType" value="NONE"/>
    <Property name="rollUpCount" value="0"/>
    <Property name="transformations">
        <List>
            <Item value="CURRENT"/>
        </List>
    </Property>
    <Property name="isProperty" value="false"/>
    <Property name="addTimestampAsColumn" value="false"/>
    <Property name="isShowRelativeTimestamp" value="false"/>
</Value>
                            </Item>
                            <Item>
<Value>
    <Property name="objectType" value="RESOURCE"/>
    <Property name="attributeKey" value="capacity|spareCapacityInGB"/>
    <Property name="preferredUnitId" value="auto"/>
    <Property name="isStringAttribute" value="false"/>
    <Property name="adapterKind" value="PowerFlexAdapter"/>
    <Property name="resourceKind" value="ProtectionDomain"/>
    <Property name="rollUpType" value="NONE"/>
    <Property name="rollUpCount" value="0"/>
    <Property name="transformations">
        <List>
            <Item value="CURRENT"/>
        </List>
    </Property>
    <Property name="isProperty" value="false"/>
    <Property name="addTimestampAsColumn" value="false"/>
    <Property name="isShowRelativeTimestamp" value="false"/>
</Value>
                            </Item>
                            <Item>
<Value>
    <Property name="objectType" value="RESOURCE"/>
    <Property name="attributeKey" value="capacity|unusedCapacityInGB"/>
    <Property name="preferredUnitId" value="auto"/>
    <Property name="isStringAttribute" value="false"/>
    <Property name="adapterKind" value="PowerFlexAdapter"/>
    <Property name="resourceKind" value="ProtectionDomain"/>
    <Property name="rollUpType" value="NONE"/>
    <Property name="rollUpCount" value="0"/>
    <Property name="transformations">
        <List>
            <Item value="CURRENT"/>
        </List>
    </Property>
    <Property name="isProperty" value="false"/>
    <Property name="addTimestampAsColumn" value="false"/>
    <Property name="isShowRelativeTimestamp" value="false"/>
</Value>
                            </Item>
                        </List>
                    </Property>
                </Control>
                <Control id="pagination-control_id_80" type="pagination-control" visible="true">
                    <Property name="start" value="0"/>
                    <Property name="size" value="50"/>
                </Control>
                <Control id="metadata_id_81" type="metadata" visible="false">
                    <Property name="maxPointsCount" value="5000"/>
                    <Property name="hideObjectNameColumn" value="false"/>
                    <Property name="listTopResultSize" value="-1"/>
                </Control>
            </Controls>
            <DataProviders>
                <DataProvider dataType="list-view" id="list-view_id_77"/>
            </DataProviders>
            <Presentation type="list"/>
        </ViewDef>
        <ViewDef id="cef6f092-b4f3-4a93-b3b4-dcde7c892f95">
            <Title>PowerFlex SDR Info</Title>
            <Description/>
            <SubjectType adapterKind="PowerFlexAdapter" resourceKind="SDR" type="descendant"/>
            <SubjectType adapterKind="PowerFlexAdapter" resourceKind="SDR" type="self"/>
            <SubjectsGroupBy adapterKind="PowerFlexAdapter" resourceKind="PowerFlexRack"/>
            <Usage>dashboard</Usage>
            <Usage>report</Usage>
            <Usage>details</Usage>
            <Usage>content</Usage>
            <Controls>
                <Control id="time-interval-selector_id_143" type="time-interval-selector" visible="false">
                    <Property name="advancedTimeMode" value="false"/>
                    <Property name="unit" value="DAYS"/>
                    <Property name="count" value="7"/>
                </Control>
                <Control id="attributes-selector_id_144" type="attributes-selector" visible="false">
                    <Property name="attributeInfos">
                        <List>
                            <Item>
<Value>
    <Property name="objectType" value="RESOURCE"/>
    <Property name="attributeKey" value="Summary|perfProfile"/>
    <Property name="isStringAttribute" value="true"/>
    <Property name="adapterKind" value="PowerFlexAdapter"/>
    <Property name="resourceKind" value="SDR"/>
    <Property name="rollUpCount" value="0"/>
    <Property name="transformations">
        <List>
            <Item value="CURRENT"/>
        </List>
    </Property>
    <Property name="isProperty" value="false"/>
    <Property name="addTimestampAsColumn" value="false"/>
    <Property name="isShowRelativeTimestamp" value="false"/>
</Value>
                            </Item>
                            <Item>
<Value>
    <Property name="objectType" value="RESOURCE"/>
    <Property name="attributeKey" value="Summary|sdrState"/>
    <Property name="isStringAttribute" value="true"/>
    <Property name="adapterKind" value="PowerFlexAdapter"/>
    <Property name="resourceKind" value="SDR"/>
    <Property name="rollUpCount" value="0"/>
    <Property name="transformations">
        <List>
            <Item value="CURRENT"/>
        </List>
    </Property>
    <Property name="isProperty" value="false"/>
    <Property name="addTimestampAsColumn" value="false"/>
    <Property name="isShowRelativeTimestamp" value="false"/>
</Value>
                            </Item>
                            <Item>
<Value>
    <Property name="objectType" value="RESOURCE"/>
    <Property name="attributeKey" value="Summary|maintenanceState"/>
    <Property name="isStringAttribute" value="true"/>
    <Property name="adapterKind" value="PowerFlexAdapter"/>
    <Property name="resourceKind" value="SDR"/>
    <Property name="rollUpCount" value="0"/>
    <Property name="transformations">
        <List>
            <Item value="CURRENT"/>
        </List>
    </Property>
    <Property name="isProperty" value="false"/>
    <Property name="addTimestampAsColumn" value="false"/>
    <Property name="isShowRelativeTimestamp" value="false"/>
</Value>
                            </Item>
                            <Item>
<Value>
    <Property name="objectType" value="RESOURCE"/>
    <Property name="attributeKey" value="Summary|mdmConnectionState"/>
    <Property name="isStringAttribute" value="true"/>
    <Property name="adapterKind" value="PowerFlexAdapter"/>
    <Property name="resourceKind" value="SDR"/>
    <Property name="rollUpCount" value="0"/>
    <Property name="transformations">
        <List>
            <Item value="CURRENT"/>
        </List>
    </Property>
    <Property name="isProperty" value="false"/>
    <Property name="addTimestampAsColumn" value="false"/>
    <Property name="isShowRelativeTimestamp" value="false"/>
</Value>
                            </Item>
                            <Item>
<Value>
    <Property name="objectType" value="RESOURCE"/>
    <Property name="attributeKey" value="Summary|membershipState"/>
    <Property name="isStringAttribute" value="true"/>
    <Property name="adapterKind" value="PowerFlexAdapter"/>
    <Property name="resourceKind" value="SDR"/>
    <Property name="rollUpCount" value="0"/>
    <Property name="transformations">
        <List>
            <Item value="CURRENT"/>
        </List>
    </Property>
    <Property name="isProperty" value="false"/>
    <Property name="addTimestampAsColumn" value="false"/>
    <Property name="isShowRelativeTimestamp" value="false"/>
</Value>
                            </Item>
                            <Item>
<Value>
    <Property name="objectType" value="RESOURCE"/>
    <Property name="attributeKey" value="Summary|softwareVersionInfo"/>
    <Property name="isStringAttribute" value="true"/>
    <Property name="adapterKind" value="PowerFlexAdapter"/>
    <Property name="resourceKind" value="SDR"/>
    <Property name="rollUpCount" value="0"/>
    <Property name="transformations">
        <List>
            <Item value="CURRENT"/>
        </List>
    </Property>
    <Property name="isProperty" value="false"/>
    <Property name="addTimestampAsColumn" value="false"/>
    <Property name="isShowRelativeTimestamp" value="false"/>
</Value>
                            </Item>
                            <Item>
<Value>
    <Property name="objectType" value="RESOURCE"/>
    <Property name="attributeKey" value="capacity|rplTotalJournalCap"/>
    <Property name="preferredUnitId" value="auto"/>
    <Property name="isStringAttribute" value="false"/>
    <Property name="adapterKind" value="PowerFlexAdapter"/>
    <Property name="resourceKind" value="SDR"/>
    <Property name="rollUpType" value="NONE"/>
    <Property name="rollUpCount" value="0"/>
    <Property name="transformations">
        <List>
            <Item value="CURRENT"/>
        </List>
    </Property>
    <Property name="isProperty" value="false"/>
    <Property name="addTimestampAsColumn" value="false"/>
    <Property name="isShowRelativeTimestamp" value="false"/>
</Value>
                            </Item>
                            <Item>
<Value>
    <Property name="objectType" value="RESOURCE"/>
    <Property name="attributeKey" value="capacity|rplUsedJournalCap"/>
    <Property name="preferredUnitId" value="auto"/>
    <Property name="isStringAttribute" value="false"/>
    <Property name="adapterKind" value="PowerFlexAdapter"/>
    <Property name="resourceKind" value="SDR"/>
    <Property name="rollUpType" value="NONE"/>
    <Property name="rollUpCount" value="0"/>
    <Property name="transformations">
        <List>
            <Item value="CURRENT"/>
        </List>
    </Property>
    <Property name="isProperty" value="false"/>
    <Property name="addTimestampAsColumn" value="false"/>
    <Property name="isShowRelativeTimestamp" value="false"/>
</Value>
                            </Item>
                        </List>
                    </Property>
                </Control>
                <Control id="pagination-control_id_145" type="pagination-control" visible="true">
                    <Property name="start" value="0"/>
                    <Property name="size" value="50"/>
                </Control>
                <Control id="metadata_id_146" type="metadata" visible="false">
                    <Property name="maxPointsCount" value="5000"/>
                    <Property name="hideObjectNameColumn" value="false"/>
                    <Property name="listTopResultSize" value="-1"/>
                </Control>
            </Controls>
            <DataProviders>
                <DataProvider dataType="list-view" id="list-view_id_142"/>
            </DataProviders>
            <Presentation type="list"/>
        </ViewDef>
        <ViewDef id="1e7a9fc9-3e85-4d2c-aa3a-5d76e7841274">
            <Title>PowerFlex Storage Pool Info</Title>
            <Description/>
            <SubjectType adapterKind="PowerFlexAdapter" resourceKind="StoragePool" type="descendant"/>
            <SubjectType adapterKind="PowerFlexAdapter" resourceKind="StoragePool" type="self"/>
            <SubjectsGroupBy adapterKind="PowerFlexAdapter" resourceKind="PowerFlexRack"/>
            <Usage>dashboard</Usage>
            <Usage>report</Usage>
            <Usage>details</Usage>
            <Usage>content</Usage>
            <Controls>
                <Control id="time-interval-selector_id_179" type="time-interval-selector" visible="false">
                    <Property name="advancedTimeMode" value="false"/>
                    <Property name="unit" value="DAYS"/>
                    <Property name="count" value="7"/>
                </Control>
                <Control id="attributes-selector_id_180" type="attributes-selector" visible="false">
                    <Property name="attributeInfos">
                        <List>
                            <Item>
<Value>
    <Property name="objectType" value="RESOURCE"/>
    <Property name="attributeKey" value="capacity|maxCapacity"/>
    <Property name="preferredUnitId" value="auto"/>
    <Property name="isStringAttribute" value="false"/>
    <Property name="adapterKind" value="PowerFlexAdapter"/>
    <Property name="resourceKind" value="StoragePool"/>
    <Property name="rollUpType" value="NONE"/>
    <Property name="rollUpCount" value="0"/>
    <Property name="transformations">
        <List>
            <Item value="CURRENT"/>
        </List>
    </Property>
    <Property name="isProperty" value="false"/>
    <Property name="addTimestampAsColumn" value="false"/>
    <Property name="isShowRelativeTimestamp" value="false"/>
</Value>
                            </Item>
                            <Item>
<Value>
    <Property name="objectType" value="RESOURCE"/>
    <Property name="attributeKey" value="capacity|capacityInUse"/>
    <Property name="preferredUnitId" value="auto"/>
    <Property name="isStringAttribute" value="false"/>
    <Property name="adapterKind" value="PowerFlexAdapter"/>
    <Property name="resourceKind" value="StoragePool"/>
    <Property name="rollUpType" value="NONE"/>
    <Property name="rollUpCount" value="0"/>
    <Property name="transformations">
        <List>
            <Item value="CURRENT"/>
        </List>
    </Property>
    <Property name="isProperty" value="false"/>
    <Property name="addTimestampAsColumn" value="false"/>
    <Property name="isShowRelativeTimestamp" value="false"/>
</Value>
                            </Item>
                            <Item>
<Value>
    <Property name="objectType" value="RESOURCE"/>
    <Property name="attributeKey" value="capacity|spareCapacity"/>
    <Property name="preferredUnitId" value="auto"/>
    <Property name="isStringAttribute" value="false"/>
    <Property name="adapterKind" value="PowerFlexAdapter"/>
    <Property name="resourceKind" value="StoragePool"/>
    <Property name="rollUpType" value="NONE"/>
    <Property name="rollUpCount" value="0"/>
    <Property name="transformations">
        <List>
            <Item value="CURRENT"/>
        </List>
    </Property>
    <Property name="isProperty" value="false"/>
    <Property name="addTimestampAsColumn" value="false"/>
    <Property name="isShowRelativeTimestamp" value="false"/>
</Value>
                            </Item>
                            <Item>
<Value>
    <Property name="objectType" value="RESOURCE"/>
    <Property name="attributeKey" value="capacity|unUsedCapacity"/>
    <Property name="preferredUnitId" value="auto"/>
    <Property name="isStringAttribute" value="false"/>
    <Property name="adapterKind" value="PowerFlexAdapter"/>
    <Property name="resourceKind" value="StoragePool"/>
    <Property name="rollUpType" value="NONE"/>
    <Property name="rollUpCount" value="0"/>
    <Property name="transformations">
        <List>
            <Item value="CURRENT"/>
        </List>
    </Property>
    <Property name="isProperty" value="false"/>
    <Property name="addTimestampAsColumn" value="false"/>
    <Property name="isShowRelativeTimestamp" value="false"/>
</Value>
                            </Item>
                            <Item>
<Value>
    <Property name="objectType" value="RESOURCE"/>
    <Property name="attributeKey" value="capacity|capacityAvailableForVolumeAllocation"/>
    <Property name="preferredUnitId" value="auto"/>
    <Property name="isStringAttribute" value="false"/>
    <Property name="adapterKind" value="PowerFlexAdapter"/>
    <Property name="resourceKind" value="StoragePool"/>
    <Property name="rollUpType" value="NONE"/>
    <Property name="rollUpCount" value="0"/>
    <Property name="transformations">
        <List>
            <Item value="CURRENT"/>
        </List>
    </Property>
    <Property name="isProperty" value="false"/>
    <Property name="addTimestampAsColumn" value="false"/>
    <Property name="isShowRelativeTimestamp" value="false"/>
</Value>
                            </Item>
                            <Item>
<Value>
    <Property name="objectType" value="RESOURCE"/>
    <Property name="attributeKey" value="capacity|rplJournalCapAllowed"/>
    <Property name="preferredUnitId" value="auto"/>
    <Property name="isStringAttribute" value="false"/>
    <Property name="adapterKind" value="PowerFlexAdapter"/>
    <Property name="resourceKind" value="StoragePool"/>
    <Property name="rollUpType" value="NONE"/>
    <Property name="rollUpCount" value="0"/>
    <Property name="transformations">
        <List>
            <Item value="CURRENT"/>
        </List>
    </Property>
    <Property name="isProperty" value="false"/>
    <Property name="addTimestampAsColumn" value="false"/>
    <Property name="isShowRelativeTimestamp" value="false"/>
</Value>
                            </Item>
                            <Item>
<Value>
    <Property name="objectType" value="RESOURCE"/>
    <Property name="attributeKey" value="capacity|rplUsedJournalCap"/>
    <Property name="preferredUnitId" value="auto"/>
    <Property name="isStringAttribute" value="false"/>
    <Property name="adapterKind" value="PowerFlexAdapter"/>
    <Property name="resourceKind" value="StoragePool"/>
    <Property name="rollUpType" value="NONE"/>
    <Property name="rollUpCount" value="0"/>
    <Property name="transformations">
        <List>
            <Item value="CURRENT"/>
        </List>
    </Property>
    <Property name="isProperty" value="false"/>
    <Property name="addTimestampAsColumn" value="false"/>
    <Property name="isShowRelativeTimestamp" value="false"/>
</Value>
                            </Item>
                            <Item>
<Value>
    <Property name="objectType" value="RESOURCE"/>
    <Property name="attributeKey" value="policy|backgroundScannerMode"/>
    <Property name="isStringAttribute" value="true"/>
    <Property name="adapterKind" value="PowerFlexAdapter"/>
    <Property name="resourceKind" value="StoragePool"/>
    <Property name="rollUpCount" value="0"/>
    <Property name="transformations">
        <List>
            <Item value="CURRENT"/>
        </List>
    </Property>
    <Property name="isProperty" value="true"/>
    <Property name="addTimestampAsColumn" value="false"/>
    <Property name="isShowRelativeTimestamp" value="false"/>
</Value>
                            </Item>
                            <Item>
<Value>
    <Property name="objectType" value="RESOURCE"/>
    <Property name="attributeKey" value="policy|checksumEnabled"/>
    <Property name="isStringAttribute" value="true"/>
    <Property name="adapterKind" value="PowerFlexAdapter"/>
    <Property name="resourceKind" value="StoragePool"/>
    <Property name="rollUpCount" value="0"/>
    <Property name="transformations">
        <List>
            <Item value="CURRENT"/>
        </List>
    </Property>
    <Property name="isProperty" value="true"/>
    <Property name="addTimestampAsColumn" value="false"/>
    <Property name="isShowRelativeTimestamp" value="false"/>
</Value>
                            </Item>
                            <Item>
<Value>
    <Property name="objectType" value="RESOURCE"/>
    <Property name="attributeKey" value="policy|zeroPaddingEnabled"/>
    <Property name="isStringAttribute" value="true"/>
    <Property name="adapterKind" value="PowerFlexAdapter"/>
    <Property name="resourceKind" value="StoragePool"/>
    <Property name="rollUpCount" value="0"/>
    <Property name="transformations">
        <List>
            <Item value="CURRENT"/>
        </List>
    </Property>
    <Property name="isProperty" value="true"/>
    <Property name="addTimestampAsColumn" value="false"/>
    <Property name="isShowRelativeTimestamp" value="false"/>
</Value>
                            </Item>
                            <Item>
<Value>
    <Property name="objectType" value="RESOURCE"/>
    <Property name="attributeKey" value="policy|rebuildEnabled"/>
    <Property name="isStringAttribute" value="true"/>
    <Property name="adapterKind" value="PowerFlexAdapter"/>
    <Property name="resourceKind" value="StoragePool"/>
    <Property name="rollUpCount" value="0"/>
    <Property name="transformations">
        <List>
            <Item value="CURRENT"/>
        </List>
    </Property>
    <Property name="isProperty" value="true"/>
    <Property name="addTimestampAsColumn" value="false"/>
    <Property name="isShowRelativeTimestamp" value="false"/>
</Value>
                            </Item>
                            <Item>
<Value>
    <Property name="objectType" value="RESOURCE"/>
    <Property name="attributeKey" value="policy|rebuildIoPriorityPolicy"/>
    <Property name="isStringAttribute" value="true"/>
    <Property name="adapterKind" value="PowerFlexAdapter"/>
    <Property name="resourceKind" value="StoragePool"/>
    <Property name="rollUpCount" value="0"/>
    <Property name="transformations">
        <List>
            <Item value="CURRENT"/>
        </List>
    </Property>
    <Property name="isProperty" value="true"/>
    <Property name="addTimestampAsColumn" value="false"/>
    <Property name="isShowRelativeTimestamp" value="false"/>
</Value>
                            </Item>
                            <Item>
<Value>
    <Property name="objectType" value="RESOURCE"/>
    <Property name="attributeKey" value="policy|rebalanceEnabled"/>
    <Property name="isStringAttribute" value="true"/>
    <Property name="adapterKind" value="PowerFlexAdapter"/>
    <Property name="resourceKind" value="StoragePool"/>
    <Property name="rollUpCount" value="0"/>
    <Property name="transformations">
        <List>
            <Item value="CURRENT"/>
        </List>
    </Property>
    <Property name="isProperty" value="true"/>
    <Property name="addTimestampAsColumn" value="false"/>
    <Property name="isShowRelativeTimestamp" value="false"/>
</Value>
                            </Item>
                            <Item>
<Value>
    <Property name="objectType" value="RESOURCE"/>
    <Property name="attributeKey" value="policy|rebuildIoPriorityPolicy"/>
    <Property name="isStringAttribute" value="true"/>
    <Property name="adapterKind" value="PowerFlexAdapter"/>
    <Property name="resourceKind" value="StoragePool"/>
    <Property name="rollUpCount" value="0"/>
    <Property name="transformations">
        <List>
            <Item value="CURRENT"/>
        </List>
    </Property>
    <Property name="isProperty" value="true"/>
    <Property name="addTimestampAsColumn" value="false"/>
    <Property name="isShowRelativeTimestamp" value="false"/>
</Value>
                            </Item>
                        </List>
                    </Property>
                </Control>
                <Control id="pagination-control_id_181" type="pagination-control" visible="true">
                    <Property name="start" value="0"/>
                    <Property name="size" value="50"/>
                </Control>
                <Control id="metadata_id_182" type="metadata" visible="false">
                    <Property name="maxPointsCount" value="5000"/>
                    <Property name="hideObjectNameColumn" value="false"/>
                    <Property name="listTopResultSize" value="-1"/>
                </Control>
            </Controls>
            <DataProviders>
                <DataProvider dataType="list-view" id="list-view_id_178"/>
            </DataProviders>
            <Presentation type="list"/>
        </ViewDef>
        <ViewDef id="677ebd34-d047-41f7-945b-7ea258a35270">
            <Title>PowerFlex Device Info</Title>
            <Description/>
            <SubjectType adapterKind="PowerFlexAdapter" resourceKind="Device" type="descendant"/>
            <SubjectType adapterKind="PowerFlexAdapter" resourceKind="Device" type="self"/>
            <SubjectsGroupBy adapterKind="PowerFlexAdapter" resourceKind="PowerFlexRack"/>
            <Usage>dashboard</Usage>
            <Usage>report</Usage>
            <Usage>details</Usage>
            <Usage>content</Usage>
            <Controls>
                <Control id="time-interval-selector_id_124" type="time-interval-selector" visible="false">
                    <Property name="advancedTimeMode" value="false"/>
                    <Property name="unit" value="DAYS"/>
                    <Property name="count" value="7"/>
                </Control>
                <Control id="attributes-selector_id_125" type="attributes-selector" visible="false">
                    <Property name="attributeInfos">
                        <List>
                            <Item>
<Value>
    <Property name="objectType" value="RESOURCE"/>
    <Property name="attributeKey" value="Summary|mediaType"/>
    <Property name="isStringAttribute" value="true"/>
    <Property name="adapterKind" value="PowerFlexAdapter"/>
    <Property name="resourceKind" value="Device"/>
    <Property name="rollUpCount" value="0"/>
    <Property name="transformations">
        <List>
            <Item value="CURRENT"/>
        </List>
    </Property>
    <Property name="isProperty" value="false"/>
    <Property name="addTimestampAsColumn" value="false"/>
    <Property name="isShowRelativeTimestamp" value="false"/>
</Value>
                            </Item>
                            <Item>
<Value>
    <Property name="objectType" value="RESOURCE"/>
    <Property name="attributeKey" value="Health|deviceState"/>
    <Property name="isStringAttribute" value="true"/>
    <Property name="adapterKind" value="PowerFlexAdapter"/>
    <Property name="resourceKind" value="Device"/>
    <Property name="rollUpCount" value="0"/>
    <Property name="transformations">
        <List>
            <Item value="CURRENT"/>
        </List>
    </Property>
    <Property name="isProperty" value="false"/>
    <Property name="addTimestampAsColumn" value="false"/>
    <Property name="isShowRelativeTimestamp" value="false"/>
</Value>
                            </Item>
                            <Item>
<Value>
    <Property name="objectType" value="RESOURCE"/>
    <Property name="attributeKey" value="Health|aggregatedState"/>
    <Property name="isStringAttribute" value="true"/>
    <Property name="adapterKind" value="PowerFlexAdapter"/>
    <Property name="resourceKind" value="Device"/>
    <Property name="rollUpCount" value="0"/>
    <Property name="transformations">
        <List>
            <Item value="CURRENT"/>
        </List>
    </Property>
    <Property name="isProperty" value="false"/>
    <Property name="addTimestampAsColumn" value="false"/>
    <Property name="isShowRelativeTimestamp" value="false"/>
</Value>
                            </Item>
                            <Item>
<Value>
    <Property name="objectType" value="RESOURCE"/>
    <Property name="attributeKey" value="Health|errorState"/>
    <Property name="isStringAttribute" value="true"/>
    <Property name="adapterKind" value="PowerFlexAdapter"/>
    <Property name="resourceKind" value="Device"/>
    <Property name="rollUpCount" value="0"/>
    <Property name="transformations">
        <List>
            <Item value="CURRENT"/>
        </List>
    </Property>
    <Property name="isProperty" value="false"/>
    <Property name="addTimestampAsColumn" value="false"/>
    <Property name="isShowRelativeTimestamp" value="false"/>
</Value>
                            </Item>
                            <Item>
<Value>
    <Property name="objectType" value="RESOURCE"/>
    <Property name="attributeKey" value="Health|ssdEndOfLifeState"/>
    <Property name="isStringAttribute" value="true"/>
    <Property name="adapterKind" value="PowerFlexAdapter"/>
    <Property name="resourceKind" value="Device"/>
    <Property name="rollUpCount" value="0"/>
    <Property name="transformations">
        <List>
            <Item value="CURRENT"/>
        </List>
    </Property>
    <Property name="isProperty" value="false"/>
    <Property name="addTimestampAsColumn" value="false"/>
    <Property name="isShowRelativeTimestamp" value="false"/>
</Value>
                            </Item>
                            <Item>
<Value>
    <Property name="objectType" value="RESOURCE"/>
    <Property name="attributeKey" value="Health|temperatureState"/>
    <Property name="isStringAttribute" value="true"/>
    <Property name="adapterKind" value="PowerFlexAdapter"/>
    <Property name="resourceKind" value="Device"/>
    <Property name="rollUpCount" value="0"/>
    <Property name="transformations">
        <List>
            <Item value="CURRENT"/>
        </List>
    </Property>
    <Property name="isProperty" value="false"/>
    <Property name="addTimestampAsColumn" value="false"/>
    <Property name="isShowRelativeTimestamp" value="false"/>
</Value>
                            </Item>
                            <Item>
<Value>
    <Property name="objectType" value="RESOURCE"/>
    <Property name="attributeKey" value="Capacity|totalCapacity"/>
    <Property name="preferredUnitId" value="auto"/>
    <Property name="isStringAttribute" value="false"/>
    <Property name="adapterKind" value="PowerFlexAdapter"/>
    <Property name="resourceKind" value="Device"/>
    <Property name="rollUpType" value="NONE"/>
    <Property name="rollUpCount" value="0"/>
    <Property name="transformations">
        <List>
            <Item value="CURRENT"/>
        </List>
    </Property>
    <Property name="isProperty" value="false"/>
    <Property name="addTimestampAsColumn" value="false"/>
    <Property name="isShowRelativeTimestamp" value="false"/>
</Value>
                            </Item>
                            <Item>
<Value>
    <Property name="objectType" value="RESOURCE"/>
    <Property name="attributeKey" value="Capacity|inUseCapacity"/>
    <Property name="preferredUnitId" value="auto"/>
    <Property name="isStringAttribute" value="false"/>
    <Property name="adapterKind" value="PowerFlexAdapter"/>
    <Property name="resourceKind" value="Device"/>
    <Property name="rollUpType" value="NONE"/>
    <Property name="rollUpCount" value="0"/>
    <Property name="transformations">
        <List>
            <Item value="CURRENT"/>
        </List>
    </Property>
    <Property name="isProperty" value="false"/>
    <Property name="addTimestampAsColumn" value="false"/>
    <Property name="isShowRelativeTimestamp" value="false"/>
</Value>
                            </Item>
                        </List>
                    </Property>
                </Control>
                <Control id="pagination-control_id_126" type="pagination-control" visible="true">
                    <Property name="start" value="0"/>
                    <Property name="size" value="50"/>
                </Control>
                <Control id="metadata_id_127" type="metadata" visible="false">
                    <Property name="maxPointsCount" value="5000"/>
                    <Property name="hideObjectNameColumn" value="false"/>
                    <Property name="listTopResultSize" value="-1"/>
                </Control>
            </Controls>
            <DataProviders>
                <DataProvider dataType="list-view" id="list-view_id_123"/>
            </DataProviders>
            <Presentation type="list"/>
        </ViewDef>
        <ViewDef id="e56852cb-bb26-43a1-b1a3-a3c3e9e2ce74">
            <Title>PowerFlex System Info</Title>
            <Description/>
            <SubjectType adapterKind="PowerFlexAdapter" resourceKind="PowerFlexSystem" type="descendant"/>
            <SubjectType adapterKind="PowerFlexAdapter" resourceKind="PowerFlexSystem" type="self"/>
            <SubjectsGroupBy adapterKind="PowerFlexAdapter" resourceKind="PowerFlexRack"/>
            <Usage>dashboard</Usage>
            <Usage>report</Usage>
            <Usage>details</Usage>
            <Usage>content</Usage>
            <Controls>
                <Control id="time-interval-selector_id_72" type="time-interval-selector" visible="false">
                    <Property name="advancedTimeMode" value="false"/>
                    <Property name="unit" value="DAYS"/>
                    <Property name="count" value="7"/>
                </Control>
                <Control id="attributes-selector_id_73" type="attributes-selector" visible="false">
                    <Property name="attributeInfos">
                        <List>
                            <Item>
<Value>
    <Property name="objectType" value="RESOURCE"/>
    <Property name="attributeKey" value="capacity|maxCapacity"/>
    <Property name="preferredUnitId" value="auto"/>
    <Property name="isStringAttribute" value="false"/>
    <Property name="adapterKind" value="PowerFlexAdapter"/>
    <Property name="resourceKind" value="PowerFlexSystem"/>
    <Property name="rollUpType" value="NONE"/>
    <Property name="rollUpCount" value="0"/>
    <Property name="transformations">
        <List>
            <Item value="CURRENT"/>
        </List>
    </Property>
    <Property name="isProperty" value="false"/>
    <Property name="addTimestampAsColumn" value="false"/>
    <Property name="isShowRelativeTimestamp" value="false"/>
</Value>
                            </Item>
                            <Item>
<Value>
    <Property name="objectType" value="RESOURCE"/>
    <Property name="attributeKey" value="capacity|usedCapacity"/>
    <Property name="preferredUnitId" value="auto"/>
    <Property name="isStringAttribute" value="false"/>
    <Property name="adapterKind" value="PowerFlexAdapter"/>
    <Property name="resourceKind" value="PowerFlexSystem"/>
    <Property name="rollUpType" value="NONE"/>
    <Property name="rollUpCount" value="0"/>
    <Property name="transformations">
        <List>
            <Item value="CURRENT"/>
        </List>
    </Property>
    <Property name="isProperty" value="false"/>
    <Property name="addTimestampAsColumn" value="false"/>
    <Property name="isShowRelativeTimestamp" value="false"/>
</Value>
                            </Item>
                            <Item>
<Value>
    <Property name="objectType" value="RESOURCE"/>
    <Property name="attributeKey" value="capacity|spareCapacity"/>
    <Property name="preferredUnitId" value="auto"/>
    <Property name="isStringAttribute" value="false"/>
    <Property name="adapterKind" value="PowerFlexAdapter"/>
    <Property name="resourceKind" value="PowerFlexSystem"/>
    <Property name="rollUpType" value="NONE"/>
    <Property name="rollUpCount" value="0"/>
    <Property name="transformations">
        <List>
            <Item value="CURRENT"/>
        </List>
    </Property>
    <Property name="isProperty" value="false"/>
    <Property name="addTimestampAsColumn" value="false"/>
    <Property name="isShowRelativeTimestamp" value="false"/>
</Value>
                            </Item>
                            <Item>
<Value>
    <Property name="objectType" value="RESOURCE"/>
    <Property name="attributeKey" value="capacity|unUsedCapacity"/>
    <Property name="preferredUnitId" value="auto"/>
    <Property name="isStringAttribute" value="false"/>
    <Property name="adapterKind" value="PowerFlexAdapter"/>
    <Property name="resourceKind" value="PowerFlexSystem"/>
    <Property name="rollUpType" value="NONE"/>
    <Property name="rollUpCount" value="0"/>
    <Property name="transformations">
        <List>
            <Item value="CURRENT"/>
        </List>
    </Property>
    <Property name="isProperty" value="false"/>
    <Property name="addTimestampAsColumn" value="false"/>
    <Property name="isShowRelativeTimestamp" value="false"/>
</Value>
                            </Item>
                        </List>
                    </Property>
                </Control>
                <Control id="pagination-control_id_74" type="pagination-control" visible="true">
                    <Property name="start" value="0"/>
                    <Property name="size" value="50"/>
                </Control>
                <Control id="metadata_id_75" type="metadata" visible="false">
                    <Property name="maxPointsCount" value="5000"/>
                    <Property name="hideObjectNameColumn" value="false"/>
                    <Property name="listTopResultSize" value="-1"/>
                </Control>
            </Controls>
            <DataProviders>
                <DataProvider dataType="list-view" id="list-view_id_71"/>
            </DataProviders>
            <Presentation type="list"/>
        </ViewDef>
        <ViewDef id="9b77ae8b-16b9-4bda-862a-0477341c00cf">
            <Title>PowerFlex Peer MDM Info</Title>
            <Description/>
            <SubjectType adapterKind="PowerFlexAdapter" resourceKind="PeerMDM" type="descendant"/>
            <SubjectType adapterKind="PowerFlexAdapter" resourceKind="PeerMDM" type="self"/>
            <SubjectsGroupBy adapterKind="PowerFlexAdapter" resourceKind="PowerFlexRack"/>
            <Usage>dashboard</Usage>
            <Usage>report</Usage>
            <Usage>details</Usage>
            <Usage>content</Usage>
            <Controls>
                <Control id="time-interval-selector_id_155" type="time-interval-selector" visible="false">
                    <Property name="advancedTimeMode" value="false"/>
                    <Property name="unit" value="DAYS"/>
                    <Property name="count" value="7"/>
                </Control>
                <Control id="attributes-selector_id_156" type="attributes-selector" visible="false">
                    <Property name="attributeInfos">
                        <List>
                            <Item>
<Value>
    <Property name="objectType" value="RESOURCE"/>
    <Property name="attributeKey" value="Summary|peerSystemId"/>
    <Property name="isStringAttribute" value="true"/>
    <Property name="adapterKind" value="PowerFlexAdapter"/>
    <Property name="resourceKind" value="PeerMDM"/>
    <Property name="rollUpCount" value="0"/>
    <Property name="transformations">
        <List>
            <Item value="CURRENT"/>
        </List>
    </Property>
    <Property name="isProperty" value="false"/>
    <Property name="addTimestampAsColumn" value="false"/>
    <Property name="isShowRelativeTimestamp" value="false"/>
</Value>
                            </Item>
                            <Item>
<Value>
    <Property name="objectType" value="RESOURCE"/>
    <Property name="attributeKey" value="Summary|perfProfile"/>
    <Property name="isStringAttribute" value="true"/>
    <Property name="adapterKind" value="PowerFlexAdapter"/>
    <Property name="resourceKind" value="PeerMDM"/>
    <Property name="rollUpCount" value="0"/>
    <Property name="transformations">
        <List>
            <Item value="CURRENT"/>
        </List>
    </Property>
    <Property name="isProperty" value="false"/>
    <Property name="addTimestampAsColumn" value="false"/>
    <Property name="isShowRelativeTimestamp" value="false"/>
</Value>
                            </Item>
                            <Item>
<Value>
    <Property name="objectType" value="RESOURCE"/>
    <Property name="attributeKey" value="Summary|couplingRC"/>
    <Property name="isStringAttribute" value="true"/>
    <Property name="adapterKind" value="PowerFlexAdapter"/>
    <Property name="resourceKind" value="PeerMDM"/>
    <Property name="rollUpCount" value="0"/>
    <Property name="transformations">
        <List>
            <Item value="CURRENT"/>
        </List>
    </Property>
    <Property name="isProperty" value="false"/>
    <Property name="addTimestampAsColumn" value="false"/>
    <Property name="isShowRelativeTimestamp" value="false"/>
</Value>
                            </Item>
                            <Item>
<Value>
    <Property name="objectType" value="RESOURCE"/>
    <Property name="attributeKey" value="Summary|membershipState"/>
    <Property name="isStringAttribute" value="true"/>
    <Property name="adapterKind" value="PowerFlexAdapter"/>
    <Property name="resourceKind" value="PeerMDM"/>
    <Property name="rollUpCount" value="0"/>
    <Property name="transformations">
        <List>
            <Item value="CURRENT"/>
        </List>
    </Property>
    <Property name="isProperty" value="false"/>
    <Property name="addTimestampAsColumn" value="false"/>
    <Property name="isShowRelativeTimestamp" value="false"/>
</Value>
                            </Item>
                            <Item>
<Value>
    <Property name="objectType" value="RESOURCE"/>
    <Property name="attributeKey" value="Summary|numOfRplPairs"/>
    <Property name="isStringAttribute" value="false"/>
    <Property name="adapterKind" value="PowerFlexAdapter"/>
    <Property name="resourceKind" value="PeerMDM"/>
    <Property name="rollUpType" value="NONE"/>
    <Property name="rollUpCount" value="0"/>
    <Property name="transformations">
        <List>
            <Item value="CURRENT"/>
        </List>
    </Property>
    <Property name="isProperty" value="false"/>
    <Property name="addTimestampAsColumn" value="false"/>
    <Property name="isShowRelativeTimestamp" value="false"/>
</Value>
                            </Item>
                            <Item>
<Value>
    <Property name="objectType" value="RESOURCE"/>
    <Property name="attributeKey" value="Summary|rplCgRpoCompliance"/>
    <Property name="isStringAttribute" value="false"/>
    <Property name="adapterKind" value="PowerFlexAdapter"/>
    <Property name="resourceKind" value="PeerMDM"/>
    <Property name="rollUpType" value="NONE"/>
    <Property name="rollUpCount" value="0"/>
    <Property name="transformations">
        <List>
            <Item value="CURRENT"/>
        </List>
    </Property>
    <Property name="isProperty" value="false"/>
    <Property name="addTimestampAsColumn" value="false"/>
    <Property name="isShowRelativeTimestamp" value="false"/>
</Value>
                            </Item>
                        </List>
                    </Property>
                </Control>
                <Control id="pagination-control_id_157" type="pagination-control" visible="true">
                    <Property name="start" value="0"/>
                    <Property name="size" value="50"/>
                </Control>
                <Control id="metadata_id_158" type="metadata" visible="false">
                    <Property name="maxPointsCount" value="5000"/>
                    <Property name="hideObjectNameColumn" value="false"/>
                    <Property name="listTopResultSize" value="-1"/>
                </Control>
            </Controls>
            <DataProviders>
                <DataProvider dataType="list-view" id="list-view_id_154"/>
            </DataProviders>
            <Presentation type="list"/>
        </ViewDef>
        <ViewDef id="2e634b02-412c-4fba-bae5-f2ec526dae0c">
            <Title>PowerFlex SDC Info</Title>
            <Description/>
            <SubjectType adapterKind="PowerFlexAdapter" resourceKind="SDC" type="descendant"/>
            <SubjectType adapterKind="PowerFlexAdapter" resourceKind="SDC" type="self"/>
            <SubjectsGroupBy adapterKind="PowerFlexAdapter" resourceKind="PowerFlexRack"/>
            <Usage>dashboard</Usage>
            <Usage>report</Usage>
            <Usage>details</Usage>
            <Usage>content</Usage>
            <Controls>
                <Control id="time-interval-selector_id_149" type="time-interval-selector" visible="false">
                    <Property name="advancedTimeMode" value="false"/>
                    <Property name="unit" value="DAYS"/>
                    <Property name="count" value="7"/>
                </Control>
                <Control id="attributes-selector_id_150" type="attributes-selector" visible="false">
                    <Property name="attributeInfos">
                        <List>
                            <Item>
<Value>
    <Property name="objectType" value="RESOURCE"/>
    <Property name="attributeKey" value="Summary|perfProfile"/>
    <Property name="isStringAttribute" value="true"/>
    <Property name="adapterKind" value="PowerFlexAdapter"/>
    <Property name="resourceKind" value="SDC"/>
    <Property name="rollUpCount" value="0"/>
    <Property name="transformations">
        <List>
            <Item value="CURRENT"/>
        </List>
    </Property>
    <Property name="isProperty" value="false"/>
    <Property name="addTimestampAsColumn" value="false"/>
    <Property name="isShowRelativeTimestamp" value="false"/>
</Value>
                            </Item>
                            <Item>
<Value>
    <Property name="objectType" value="RESOURCE"/>
    <Property name="attributeKey" value="Summary|sdcType"/>
    <Property name="isStringAttribute" value="true"/>
    <Property name="adapterKind" value="PowerFlexAdapter"/>
    <Property name="resourceKind" value="SDC"/>
    <Property name="rollUpCount" value="0"/>
    <Property name="transformations">
        <List>
            <Item value="CURRENT"/>
        </List>
    </Property>
    <Property name="isProperty" value="false"/>
    <Property name="addTimestampAsColumn" value="false"/>
    <Property name="isShowRelativeTimestamp" value="false"/>
</Value>
                            </Item>
                            <Item>
<Value>
    <Property name="objectType" value="RESOURCE"/>
    <Property name="attributeKey" value="Summary|mdmConnectionState"/>
    <Property name="isStringAttribute" value="true"/>
    <Property name="adapterKind" value="PowerFlexAdapter"/>
    <Property name="resourceKind" value="SDC"/>
    <Property name="rollUpCount" value="0"/>
    <Property name="transformations">
        <List>
            <Item value="CURRENT"/>
        </List>
    </Property>
    <Property name="isProperty" value="false"/>
    <Property name="addTimestampAsColumn" value="false"/>
    <Property name="isShowRelativeTimestamp" value="false"/>
</Value>
                            </Item>
                            <Item>
<Value>
    <Property name="objectType" value="RESOURCE"/>
    <Property name="attributeKey" value="details|softwareVersionInfo"/>
    <Property name="isStringAttribute" value="true"/>
    <Property name="adapterKind" value="PowerFlexAdapter"/>
    <Property name="resourceKind" value="SDC"/>
    <Property name="rollUpCount" value="0"/>
    <Property name="transformations">
        <List>
            <Item value="CURRENT"/>
        </List>
    </Property>
    <Property name="isProperty" value="true"/>
    <Property name="addTimestampAsColumn" value="false"/>
    <Property name="isShowRelativeTimestamp" value="false"/>
</Value>
                            </Item>
                            <Item>
<Value>
    <Property name="objectType" value="RESOURCE"/>
    <Property name="attributeKey" value="Summary|osType"/>
    <Property name="isStringAttribute" value="true"/>
    <Property name="adapterKind" value="PowerFlexAdapter"/>
    <Property name="resourceKind" value="SDC"/>
    <Property name="rollUpCount" value="0"/>
    <Property name="transformations">
        <List>
            <Item value="CURRENT"/>
        </List>
    </Property>
    <Property name="isProperty" value="true"/>
    <Property name="addTimestampAsColumn" value="false"/>
    <Property name="isShowRelativeTimestamp" value="false"/>
</Value>
                            </Item>
                            <Item>
<Value>
    <Property name="objectType" value="RESOURCE"/>
    <Property name="attributeKey" value="Summary|numOfMappedVolumes"/>
    <Property name="isStringAttribute" value="false"/>
    <Property name="adapterKind" value="PowerFlexAdapter"/>
    <Property name="resourceKind" value="SDC"/>
    <Property name="rollUpType" value="NONE"/>
    <Property name="rollUpCount" value="0"/>
    <Property name="transformations">
        <List>
            <Item value="CURRENT"/>
        </List>
    </Property>
    <Property name="isProperty" value="false"/>
    <Property name="addTimestampAsColumn" value="false"/>
    <Property name="isShowRelativeTimestamp" value="false"/>
</Value>
                            </Item>
                        </List>
                    </Property>
                </Control>
                <Control id="pagination-control_id_151" type="pagination-control" visible="true">
                    <Property name="start" value="0"/>
                    <Property name="size" value="50"/>
                </Control>
                <Control id="metadata_id_152" type="metadata" visible="false">
                    <Property name="maxPointsCount" value="5000"/>
                    <Property name="hideObjectNameColumn" value="false"/>
                    <Property name="listTopResultSize" value="-1"/>
                </Control>
            </Controls>
            <DataProviders>
                <DataProvider dataType="list-view" id="list-view_id_148"/>
            </DataProviders>
            <Presentation type="list"/>
        </ViewDef>
    </Views>
    <Reports>
        <ReportDef id="544cfa03-e9af-44fc-a878-12cb419e8468">
            <Title>PowerFlex Storage Report</Title>
            <Description/>
            <SubjectType adapterKind="PowerFlexAdapter" resourceKind="PowerFlexSystem" type="self"/>
            <SubjectType adapterKind="PowerFlexAdapter" resourceKind="SDR" type="descendant"/>
            <SubjectType adapterKind="PowerFlexAdapter" resourceKind="SDS" type="descendant"/>
            <SubjectType adapterKind="PowerFlexAdapter" resourceKind="SDC" type="self"/>
            <SubjectType adapterKind="PowerFlexAdapter" resourceKind="StoragePool" type="descendant"/>
            <SubjectType adapterKind="PowerFlexAdapter" resourceKind="Device" type="descendant"/>
            <SubjectType adapterKind="PowerFlexAdapter" resourceKind="Mdm" type="self"/>
            <SubjectType adapterKind="PowerFlexAdapter" resourceKind="RCG" type="self"/>
            <SubjectType adapterKind="PowerFlexAdapter" resourceKind="Volume" type="descendant"/>
            <SubjectType adapterKind="PowerFlexAdapter" resourceKind="MdmCluster" type="self"/>
            <SubjectType adapterKind="PowerFlexAdapter" resourceKind="PeerMDM" type="descendant"/>
            <SubjectType adapterKind="PowerFlexAdapter" resourceKind="ProtectionDomain" type="descendant"/>
            <SubjectType adapterKind="PowerFlexAdapter" resourceKind="SDR" type="self"/>
            <SubjectType adapterKind="PowerFlexAdapter" resourceKind="PowerFlexSystem" type="descendant"/>
            <SubjectType adapterKind="PowerFlexAdapter" resourceKind="MdmCluster" type="descendant"/>
            <SubjectType adapterKind="PowerFlexAdapter" resourceKind="StoragePool" type="self"/>
            <SubjectType adapterKind="PowerFlexAdapter" resourceKind="SDS" type="self"/>
            <SubjectType adapterKind="PowerFlexAdapter" resourceKind="SDC" type="descendant"/>
            <SubjectType adapterKind="PowerFlexAdapter" resourceKind="PeerMDM" type="self"/>
            <SubjectType adapterKind="PowerFlexAdapter" resourceKind="Mdm" type="descendant"/>
            <SubjectType adapterKind="PowerFlexAdapter" resourceKind="Device" type="self"/>
            <SubjectType adapterKind="PowerFlexAdapter" resourceKind="Volume" type="self"/>
            <SubjectType adapterKind="PowerFlexAdapter" resourceKind="RCG" type="descendant"/>
            <SubjectType adapterKind="PowerFlexAdapter" resourceKind="ProtectionDomain" type="self"/>
            <Sections>
                <Section>
                    <ContentType>CoverPage</ContentType>
                    <ContentKey>COVER_PAGE</ContentKey>
                </Section>
                <Section>
                    <ContentType>TableOfContents</ContentType>
                    <ContentKey>TABLE_OF_CONTENTS</ContentKey>
                </Section>
                <Section>
                    <ContentType>View</ContentType>
                    <ContentKey>c9f0dcd8-d9c6-43e0-878b-70ab814c4aa7</ContentKey>
                    <ContentOrientation>Landscape</ContentOrientation>
                    <ContentFormatting>
                        <ColorizeListView>true</ColorizeListView>
                    </ContentFormatting>
                </Section>
                <Section>
                    <ContentType>View</ContentType>
                    <ContentKey>e56852cb-bb26-43a1-b1a3-a3c3e9e2ce74</ContentKey>
                    <ContentOrientation>Landscape</ContentOrientation>
                    <ContentFormatting>
                        <ColorizeListView>true</ColorizeListView>
                    </ContentFormatting>
                </Section>
                <Section>
                    <ContentType>View</ContentType>
                    <ContentKey>150cbd26-1a41-4c1a-b259-a774bc90ddf4</ContentKey>
                    <ContentOrientation>Landscape</ContentOrientation>
                    <ContentFormatting>
                        <ColorizeListView>true</ColorizeListView>
                    </ContentFormatting>
                </Section>
                <Section>
                    <ContentType>View</ContentType>
                    <ContentKey>1e7a9fc9-3e85-4d2c-aa3a-5d76e7841274</ContentKey>
                    <ContentOrientation>Landscape</ContentOrientation>
                    <ContentFormatting>
                        <ColorizeListView>true</ColorizeListView>
                    </ContentFormatting>
                </Section>
                <Section>
                    <ContentType>View</ContentType>
                    <ContentKey>b0e67b91-2694-4b4a-8e4b-0f92c89c598e</ContentKey>
                    <ContentOrientation>Landscape</ContentOrientation>
                    <ContentFormatting>
                        <ColorizeListView>true</ColorizeListView>
                    </ContentFormatting>
                </Section>
                <Section>
                    <ContentType>View</ContentType>
                    <ContentKey>677ebd34-d047-41f7-945b-7ea258a35270</ContentKey>
                    <ContentOrientation>Landscape</ContentOrientation>
                    <ContentFormatting>
                        <ColorizeListView>true</ColorizeListView>
                    </ContentFormatting>
                </Section>
                <Section>
                    <ContentType>View</ContentType>
                    <ContentKey>fd56ee65-b72e-4e03-921c-d310bc99c43c</ContentKey>
                    <ContentOrientation>Landscape</ContentOrientation>
                    <ContentFormatting>
                        <ColorizeListView>true</ColorizeListView>
                    </ContentFormatting>
                </Section>
                <Section>
                    <ContentType>View</ContentType>
                    <ContentKey>cef6f092-b4f3-4a93-b3b4-dcde7c892f95</ContentKey>
                    <ContentOrientation>Landscape</ContentOrientation>
                    <ContentFormatting>
                        <ColorizeListView>true</ColorizeListView>
                    </ContentFormatting>
                </Section>
                <Section>
                    <ContentType>View</ContentType>
                    <ContentKey>2e634b02-412c-4fba-bae5-f2ec526dae0c</ContentKey>
                    <ContentOrientation>Landscape</ContentOrientation>
                    <ContentFormatting>
                        <ColorizeListView>true</ColorizeListView>
                    </ContentFormatting>
                </Section>
                <Section>
                    <ContentType>View</ContentType>
                    <ContentKey>9b77ae8b-16b9-4bda-862a-0477341c00cf</ContentKey>
                    <ContentOrientation>Landscape</ContentOrientation>
                    <ContentFormatting>
                        <ColorizeListView>true</ColorizeListView>
                    </ContentFormatting>
                </Section>
                <Section>
                    <ContentType>View</ContentType>
                    <ContentKey>e7413c9c-8633-42c5-99d3-73101b515be3</ContentKey>
                    <ContentOrientation>Landscape</ContentOrientation>
                    <ContentFormatting>
                        <ColorizeListView>true</ColorizeListView>
                    </ContentFormatting>
                </Section>
            </Sections>
            <Settings>
                <ShowPageFooter>true</ShowPageFooter>
                <OutputFormat>pdf</OutputFormat>
            </Settings>
        </ReportDef>
    </Reports>
</Content>
